{"cameraMode":{"drawMode":0,"name":"Shaded","section":"Shading Mode"},"sceneLighting":false,"audioPlay":false,"sceneViewState":{"showFog":true,"showMaterialUpdate":false,"showSkybox":false,"showFlares":true,"showImageEffects":true,"showParticleSystems":true},"in2DMode":false,"pivot":{"x":445.7139892578125,"y":215.93099975585938,"z":-3.3399999141693117},"rotation":{"x":0.0019429817330092192,"y":-0.9979217648506165,"z":0.053337931632995608,"w":0.03655392676591873},"size":2.5432655811309816,"orthographic":false}